{"Mean":{"confidence_interval":{"confidence_level":0.95,"lower_bound":9.42789610897684,"upper_bound":9.687770280493913},"point_estimate":9.555274063795224,"standard_error":0.06635287910625863},"Median":{"confidence_interval":{"confidence_level":0.95,"lower_bound":9.28416279032263,"upper_bound":9.718571145738451},"point_estimate":9.454731080807395,"standard_error":0.09952940621945151},"MedianAbsDev":{"confidence_interval":{"confidence_level":0.95,"lower_bound":0.5226420651988604,"upper_bound":0.8064817154915839},"point_estimate":0.6502071315337958,"standard_error":0.07296962863398546},"Slope":{"confidence_interval":{"confidence_level":0.95,"lower_bound":9.41217012258864,"upper_bound":9.637274668121275},"point_estimate":9.521220416902633,"standard_error":0.05729519312338894},"StdDev":{"confidence_interval":{"confidence_level":0.95,"lower_bound":0.5578708917200115,"upper_bound":0.7734671046656764},"point_estimate":0.666856162872447,"standard_error":0.05517521275947954}}