{"Mean":{"confidence_interval":{"confidence_level":0.95,"lower_bound":0.004962623797797817,"upper_bound":0.06653705796945726},"point_estimate":0.03622443254522656,"standard_error":0.015728004470639448},"Median":{"confidence_interval":{"confidence_level":0.95,"lower_bound":-0.015115303147637992,"upper_bound":0.04655473373298635},"point_estimate":0.015254697211365631,"standard_error":0.015734555186119083}}