{"Mean":{"confidence_interval":{"confidence_level":0.95,"lower_bound":-0.0204358062330463,"upper_bound":0.013332217362306288},"point_estimate":-0.004488228654354498,"standard_error":0.008535187454702949},"Median":{"confidence_interval":{"confidence_level":0.95,"lower_bound":-0.026698861310213706,"upper_bound":0.02407743513093008},"point_estimate":-0.0044166718987104225,"standard_error":0.013502222883203947}}