{"Mean":{"confidence_interval":{"confidence_level":0.95,"lower_bound":19.535657866701314,"upper_bound":19.96066223165251},"point_estimate":19.74417656228418,"standard_error":0.10832381637153372},"Median":{"confidence_interval":{"confidence_level":0.95,"lower_bound":19.427252289944327,"upper_bound":19.96802604966075},"point_estimate":19.565698881815784,"standard_error":0.12504817291748557},"MedianAbsDev":{"confidence_interval":{"confidence_level":0.95,"lower_bound":0.764729489573664,"upper_bound":1.3421331144027542},"point_estimate":0.958771207077117,"standard_error":0.15780572899013479},"Slope":{"confidence_interval":{"confidence_level":0.95,"lower_bound":19.18378266136619,"upper_bound":19.5896503324803},"point_estimate":19.386315484917148,"standard_error":0.10388142871732628},"StdDev":{"confidence_interval":{"confidence_level":0.95,"lower_bound":0.9047424157634858,"upper_bound":1.2641587026502048},"point_estimate":1.0883522078836885,"standard_error":0.09207387325557757}}