{"Mean":{"confidence_interval":{"confidence_level":0.95,"lower_bound":20.170583626605637,"upper_bound":21.083871417572016},"point_estimate":20.618811448498423,"standard_error":0.2336623070214368},"Median":{"confidence_interval":{"confidence_level":0.95,"lower_bound":19.383706726930676,"upper_bound":20.838988618821958},"point_estimate":20.250292292624714,"standard_error":0.3535074655092756},"MedianAbsDev":{"confidence_interval":{"confidence_level":0.95,"lower_bound":1.686801360613605,"upper_bound":2.9794057676942485},"point_estimate":2.3319202925554054,"standard_error":0.30605186694719033},"Slope":{"confidence_interval":{"confidence_level":0.95,"lower_bound":20.2799629206921,"upper_bound":21.278700688715855},"point_estimate":20.773458505449774,"standard_error":0.2545376734894563},"StdDev":{"confidence_interval":{"confidence_level":0.95,"lower_bound":1.9991597377540806,"upper_bound":2.6569733204602537},"point_estimate":2.349759655111501,"standard_error":0.1680787036567074}}