{"Mean":{"confidence_interval":{"confidence_level":0.95,"lower_bound":-0.01731107624864608,"upper_bound":0.0268846672115265},"point_estimate":0.004144477098217525,"standard_error":0.011317364355447045},"Median":{"confidence_interval":{"confidence_level":0.95,"lower_bound":-0.01664849305632321,"upper_bound":0.04022615246214944},"point_estimate":0.010518144237926963,"standard_error":0.014627057681238077}}