{"Mean":{"confidence_interval":{"confidence_level":0.95,"lower_bound":-0.03043269385601065,"upper_bound":0.019365169768545458},"point_estimate":-0.004377316418504806,"standard_error":0.012654916975268058},"Median":{"confidence_interval":{"confidence_level":0.95,"lower_bound":-0.026910635286075735,"upper_bound":0.023563097399980748},"point_estimate":-0.0030441333545916383,"standard_error":0.012805010812340145}}