{"Mean":{"confidence_interval":{"confidence_level":0.95,"lower_bound":-0.04566546934801317,"upper_bound":-0.002841118856401558},"point_estimate":-0.024505377932831807,"standard_error":0.010952961556299611},"Median":{"confidence_interval":{"confidence_level":0.95,"lower_bound":-0.04462398558871705,"upper_bound":0.00002152387700116165},"point_estimate":-0.02451985454564698,"standard_error":0.011339956378231755}}