{"Mean":{"confidence_interval":{"confidence_level":0.95,"lower_bound":-0.007599573104995183,"upper_bound":0.0343627019846891},"point_estimate":0.012728167802674939,"standard_error":0.010678395048648575},"Median":{"confidence_interval":{"confidence_level":0.95,"lower_bound":-0.005938702703980946,"upper_bound":0.03424180655396136},"point_estimate":0.012605120090508626,"standard_error":0.009738248172953492}}