{"Mean":{"confidence_interval":{"confidence_level":0.95,"lower_bound":2.2152392279711877,"upper_bound":2.276160604587656},"point_estimate":2.244475256026738,"standard_error":0.015589576941557487},"Median":{"confidence_interval":{"confidence_level":0.95,"lower_bound":2.1780666641970754,"upper_bound":2.2690133912715997},"point_estimate":2.2220824595689157,"standard_error":0.023689834239629677},"MedianAbsDev":{"confidence_interval":{"confidence_level":0.95,"lower_bound":0.11626701465390096,"upper_bound":0.17352765809205775},"point_estimate":0.1481141287074274,"standard_error":0.014872692237434497},"Slope":{"confidence_interval":{"confidence_level":0.95,"lower_bound":2.2031243469548993,"upper_bound":2.2550408676585425},"point_estimate":2.228785800298246,"standard_error":0.01322147880065765},"StdDev":{"confidence_interval":{"confidence_level":0.95,"lower_bound":0.11965744752172826,"upper_bound":0.19779860152198622},"point_estimate":0.15716465936429455,"standard_error":0.020574463973709628}}