{"Mean":{"confidence_interval":{"confidence_level":0.95,"lower_bound":20.77472196363787,"upper_bound":21.7227948189698},"point_estimate":21.24119929346715,"standard_error":0.24248294050517974},"Median":{"confidence_interval":{"confidence_level":0.95,"lower_bound":19.98600484260095,"upper_bound":21.634649627649452},"point_estimate":20.75068406052868,"standard_error":0.471676435170568},"MedianAbsDev":{"confidence_interval":{"confidence_level":0.95,"lower_bound":2.0250611323073087,"upper_bound":3.326962555009958},"point_estimate":3.0207157627172974,"standard_error":0.35507231710741133},"Slope":{"confidence_interval":{"confidence_level":0.95,"lower_bound":20.80228945377474,"upper_bound":21.84609853237082},"point_estimate":21.325103897580213,"standard_error":0.26632903472281977},"StdDev":{"confidence_interval":{"confidence_level":0.95,"lower_bound":2.052512570296569,"upper_bound":2.8405707161849625},"point_estimate":2.4409378013853096,"standard_error":0.2033808086666379}}