{"Mean":{"confidence_interval":{"confidence_level":0.95,"lower_bound":-0.013857697488703668,"upper_bound":0.031373167655450444},"point_estimate":0.008493320175291252,"standard_error":0.01142021527723783},"Median":{"confidence_interval":{"confidence_level":0.95,"lower_bound":-0.016621246703579007,"upper_bound":0.04285843209175999},"point_estimate":0.023856230638132914,"standard_error":0.01587602045505688}}