{"Mean":{"confidence_interval":{"confidence_level":0.95,"lower_bound":-0.02569575354817315,"upper_bound":0.012754473923201446},"point_estimate":-0.006752250673850546,"standard_error":0.009788372169475718},"Median":{"confidence_interval":{"confidence_level":0.95,"lower_bound":-0.038460426710725026,"upper_bound":0.013879680723376087},"point_estimate":-0.011845810786256239,"standard_error":0.013602964605116011}}