{"Mean":{"confidence_interval":{"confidence_level":0.95,"lower_bound":-0.0017393445842032835,"upper_bound":0.03211961501925041},"point_estimate":0.014249228543900871,"standard_error":0.008645101548829753},"Median":{"confidence_interval":{"confidence_level":0.95,"lower_bound":0.0015408615053216618,"upper_bound":0.05069058663676852},"point_estimate":0.017076860524143145,"standard_error":0.012656853196735601}}