{"Mean":{"confidence_interval":{"confidence_level":0.95,"lower_bound":-0.02864045774182528,"upper_bound":0.030638077596080518},"point_estimate":0.001051351530855671,"standard_error":0.015102617131389454},"Median":{"confidence_interval":{"confidence_level":0.95,"lower_bound":-0.04160140330787365,"upper_bound":0.05238306190047326},"point_estimate":0.014226694098244286,"standard_error":0.02381086111910628}}