{"Mean":{"confidence_interval":{"confidence_level":0.95,"lower_bound":3.294056469451956,"upper_bound":3.374909270340463},"point_estimate":3.3340280063040315,"standard_error":0.020607031172056672},"Median":{"confidence_interval":{"confidence_level":0.95,"lower_bound":3.2446151940123746,"upper_bound":3.373149153646352},"point_estimate":3.2957319988822493,"standard_error":0.03293107748464839},"MedianAbsDev":{"confidence_interval":{"confidence_level":0.95,"lower_bound":0.1591976384971827,"upper_bound":0.25852371730473017},"point_estimate":0.20957486292921546,"standard_error":0.026157818825199835},"Slope":{"confidence_interval":{"confidence_level":0.95,"lower_bound":3.3166140607412817,"upper_bound":3.3916766827884044},"point_estimate":3.353404230853686,"standard_error":0.019126544542989513},"StdDev":{"confidence_interval":{"confidence_level":0.95,"lower_bound":0.179682936550038,"upper_bound":0.23066145962068071},"point_estimate":0.206737819188485,"standard_error":0.01303044734785726}}