{"Mean":{"confidence_interval":{"confidence_level":0.95,"lower_bound":3.2924893706956673,"upper_bound":3.3599911973852423},"point_estimate":3.3253681118449134,"standard_error":0.017157587899052536},"Median":{"confidence_interval":{"confidence_level":0.95,"lower_bound":3.2589389526075387,"upper_bound":3.3371797847876925},"point_estimate":3.313049783952371,"standard_error":0.021403966505504433},"MedianAbsDev":{"confidence_interval":{"confidence_level":0.95,"lower_bound":0.1111431831186738,"upper_bound":0.19794868532995918},"point_estimate":0.14956675041521347,"standard_error":0.02301247712717136},"Slope":{"confidence_interval":{"confidence_level":0.95,"lower_bound":3.296898700212311,"upper_bound":3.3506271257511884},"point_estimate":3.323776684443847,"standard_error":0.013686062634546673},"StdDev":{"confidence_interval":{"confidence_level":0.95,"lower_bound":0.13901284339961514,"upper_bound":0.20682545087241042},"point_estimate":0.17166604433215002,"standard_error":0.017668447764578574}}