{"Mean":{"confidence_interval":{"confidence_level":0.95,"lower_bound":-0.05690862086325407,"upper_bound":-0.01244657876687061},"point_estimate":-0.034777964067868705,"standard_error":0.011344393446939351},"Median":{"confidence_interval":{"confidence_level":0.95,"lower_bound":-0.05935762168099213,"upper_bound":0.0007001923725324932},"point_estimate":-0.03131110440085916,"standard_error":0.01490452011006714}}