{"Mean":{"confidence_interval":{"confidence_level":0.95,"lower_bound":-0.04076923773519046,"upper_bound":-0.001511104642974128},"point_estimate":-0.021106206735247657,"standard_error":0.009976456321251327},"Median":{"confidence_interval":{"confidence_level":0.95,"lower_bound":-0.037553335379076125,"upper_bound":0.0018713586591045939},"point_estimate":-0.019762731155350877,"standard_error":0.009691828459421344}}