{"Mean":{"confidence_interval":{"confidence_level":0.95,"lower_bound":-0.041016629009223524,"upper_bound":-0.0073861024884131704},"point_estimate":-0.02402266300844791,"standard_error":0.008600830141059878},"Median":{"confidence_interval":{"confidence_level":0.95,"lower_bound":-0.042692839734906896,"upper_bound":-0.0018028297349863553},"point_estimate":-0.020766365719527613,"standard_error":0.010196887730331563}}