{"Mean":{"confidence_interval":{"confidence_level":0.95,"lower_bound":3.2616393704685542,"upper_bound":3.350297156922171},"point_estimate":3.3040438442836875,"standard_error":0.022605817879368773},"Median":{"confidence_interval":{"confidence_level":0.95,"lower_bound":3.203105576765621,"upper_bound":3.2945925873679585},"point_estimate":3.24580127431407,"standard_error":0.02448791106857795},"MedianAbsDev":{"confidence_interval":{"confidence_level":0.95,"lower_bound":0.11904726620870186,"upper_bound":0.22022814317231665},"point_estimate":0.162439513844946,"standard_error":0.028034449438355796},"Slope":{"confidence_interval":{"confidence_level":0.95,"lower_bound":3.2696700781451082,"upper_bound":3.401735822005376},"point_estimate":3.328386562386941,"standard_error":0.03375589576074687},"StdDev":{"confidence_interval":{"confidence_level":0.95,"lower_bound":0.16848708236938137,"upper_bound":0.28695869350787845},"point_estimate":0.2267385197258742,"standard_error":0.030754404624945636}}