{"Mean":{"confidence_interval":{"confidence_level":0.95,"lower_bound":3.291884828815445,"upper_bound":3.3938668282158395},"point_estimate":3.3412644183047577,"standard_error":0.026024514610834045},"Median":{"confidence_interval":{"confidence_level":0.95,"lower_bound":3.239561314816347,"upper_bound":3.334873816438908},"point_estimate":3.2709998992713962,"standard_error":0.025096418814989942},"MedianAbsDev":{"confidence_interval":{"confidence_level":0.95,"lower_bound":0.14294848515249384,"upper_bound":0.2541362887333761},"point_estimate":0.19072037480082177,"standard_error":0.028519153415237197},"Slope":{"confidence_interval":{"confidence_level":0.95,"lower_bound":3.2664796943695706,"upper_bound":3.3423138318307433},"point_estimate":3.302027876880441,"standard_error":0.019297368673967006},"StdDev":{"confidence_interval":{"confidence_level":0.95,"lower_bound":0.2083324919017015,"upper_bound":0.311457369532505},"point_estimate":0.26215126366617686,"standard_error":0.026423526195942838}}