{"Mean":{"confidence_interval":{"confidence_level":0.95,"lower_bound":25.112688526831917,"upper_bound":25.820264588984703},"point_estimate":25.448884436829427,"standard_error":0.1808869487022231},"Median":{"confidence_interval":{"confidence_level":0.95,"lower_bound":24.55105121158188,"upper_bound":25.509674794372952},"point_estimate":25.05713711450553,"standard_error":0.26496504190072606},"MedianAbsDev":{"confidence_interval":{"confidence_level":0.95,"lower_bound":0.9498124244709202,"upper_bound":1.73253446963707},"point_estimate":1.3411721892086925,"standard_error":0.2032776836540143},"Slope":{"confidence_interval":{"confidence_level":0.95,"lower_bound":25.076011319776423,"upper_bound":25.728724726396617},"point_estimate":25.394082194419234,"standard_error":0.1669972959537344},"StdDev":{"confidence_interval":{"confidence_level":0.95,"lower_bound":1.303024767774457,"upper_bound":2.322833255556556},"point_estimate":1.8143426634273754,"standard_error":0.2644898604063689}}