{"Mean":{"confidence_interval":{"confidence_level":0.95,"lower_bound":-0.01697861827429137,"upper_bound":0.02246204565038122},"point_estimate":0.0028247786287993737,"standard_error":0.010047128198331107},"Median":{"confidence_interval":{"confidence_level":0.95,"lower_bound":-0.010471406264332628,"upper_bound":0.030202927144744818},"point_estimate":0.010187414175050868,"standard_error":0.010339930282017535}}