{"Mean":{"confidence_interval":{"confidence_level":0.95,"lower_bound":-0.031665623196329026,"upper_bound":0.01059644752387078},"point_estimate":-0.01012337308509248,"standard_error":0.010796540260932025},"Median":{"confidence_interval":{"confidence_level":0.95,"lower_bound":-0.028492075105686854,"upper_bound":0.01673674548666737},"point_estimate":-0.004279917861135241,"standard_error":0.011864605316580942}}