{"Mean":{"confidence_interval":{"confidence_level":0.95,"lower_bound":2.189337756101663,"upper_bound":2.240589304756312},"point_estimate":2.2136131272604826,"standard_error":0.013044235382660942},"Median":{"confidence_interval":{"confidence_level":0.95,"lower_bound":2.1551618398536987,"upper_bound":2.2268453173717466},"point_estimate":2.195807905784439,"standard_error":0.01754712990488219},"MedianAbsDev":{"confidence_interval":{"confidence_level":0.95,"lower_bound":0.08498548340817162,"upper_bound":0.13242364700546058},"point_estimate":0.11320541439294836,"standard_error":0.012163603014866648},"Slope":{"confidence_interval":{"confidence_level":0.95,"lower_bound":2.1917483744353796,"upper_bound":2.234979234585038},"point_estimate":2.213441652802235,"standard_error":0.011027714292622793},"StdDev":{"confidence_interval":{"confidence_level":0.95,"lower_bound":0.09173495312355408,"upper_bound":0.170333150979746},"point_estimate":0.13067580541200366,"standard_error":0.020537503630647935}}