{"Mean":{"confidence_interval":{"confidence_level":0.95,"lower_bound":2.2402781180006395,"upper_bound":2.29897171361355},"point_estimate":2.2680989028740566,"standard_error":0.014994212749132822},"Median":{"confidence_interval":{"confidence_level":0.95,"lower_bound":2.213140301924937,"upper_bound":2.2833928942182573},"point_estimate":2.242373861471669,"standard_error":0.015949867679889075},"MedianAbsDev":{"confidence_interval":{"confidence_level":0.95,"lower_bound":0.09623315516041192,"upper_bound":0.14869008511643914},"point_estimate":0.12297177286276278,"standard_error":0.012862008039533648},"Slope":{"confidence_interval":{"confidence_level":0.95,"lower_bound":2.2448912719467966,"upper_bound":2.3256282529114634},"point_estimate":2.2820409332582354,"standard_error":0.02058409561992017},"StdDev":{"confidence_interval":{"confidence_level":0.95,"lower_bound":0.10936566714381686,"upper_bound":0.1892019215216695},"point_estimate":0.15078714526180378,"standard_error":0.02055597425945573}}