{"Mean":{"confidence_interval":{"confidence_level":0.95,"lower_bound":2.190964664815339,"upper_bound":2.2502028858743213},"point_estimate":2.2192790803233837,"standard_error":0.015101034638676493},"Median":{"confidence_interval":{"confidence_level":0.95,"lower_bound":2.135457066726056,"upper_bound":2.243372407962698},"point_estimate":2.1908363628819147,"standard_error":0.025720333393479525},"MedianAbsDev":{"confidence_interval":{"confidence_level":0.95,"lower_bound":0.09614602500064458,"upper_bound":0.1764875125080371},"point_estimate":0.14835237886397867,"standard_error":0.019663408380460906},"Slope":{"confidence_interval":{"confidence_level":0.95,"lower_bound":2.1918344569852057,"upper_bound":2.2529161962392346},"point_estimate":2.2213414606137487,"standard_error":0.015594440252167285},"StdDev":{"confidence_interval":{"confidence_level":0.95,"lower_bound":0.1155410540126541,"upper_bound":0.19155636445115146},"point_estimate":0.15116465869547024,"standard_error":0.020129514590477078}}