{"Mean":{"confidence_interval":{"confidence_level":0.95,"lower_bound":-0.014277577370640608,"upper_bound":0.019239404865427974},"point_estimate":0.0021290295078582044,"standard_error":0.008504845992164554},"Median":{"confidence_interval":{"confidence_level":0.95,"lower_bound":-0.020837631212625163,"upper_bound":0.02488431418154513},"point_estimate":0.0038210214938512177,"standard_error":0.010976397289428995}}