{"Mean":{"confidence_interval":{"confidence_level":0.95,"lower_bound":0.001939848926509238,"upper_bound":0.057711129039035705},"point_estimate":0.029745372292037997,"standard_error":0.014046650325215546},"Median":{"confidence_interval":{"confidence_level":0.95,"lower_bound":-0.014723964994659697,"upper_bound":0.022749331778015726},"point_estimate":0.004166035902926968,"standard_error":0.009207832889185752}}