{"Mean":{"confidence_interval":{"confidence_level":0.95,"lower_bound":-0.038828793968489754,"upper_bound":-0.001542470768965894},"point_estimate":-0.01984593863181694,"standard_error":0.00954810856056302},"Median":{"confidence_interval":{"confidence_level":0.95,"lower_bound":-0.03880540084940276,"upper_bound":0.00636751170394767},"point_estimate":-0.011905560556676575,"standard_error":0.011440236261076986}}