{"Mean":{"confidence_interval":{"confidence_level":0.95,"lower_bound":-0.08758322042304996,"upper_bound":-0.03910716086792698},"point_estimate":-0.06323764906371776,"standard_error":0.012359053230988966},"Median":{"confidence_interval":{"confidence_level":0.95,"lower_bound":-0.06937133662175443,"upper_bound":-0.01981855346474093},"point_estimate":-0.04208239153528126,"standard_error":0.012581291602907007}}