{"Mean":{"confidence_interval":{"confidence_level":0.95,"lower_bound":41.45534274465073,"upper_bound":42.625440821407864},"point_estimate":42.01737781810044,"standard_error":0.2993561859728798},"Median":{"confidence_interval":{"confidence_level":0.95,"lower_bound":40.621110466015544,"upper_bound":42.47186776937882},"point_estimate":41.475425322792546,"standard_error":0.4124709952008854},"MedianAbsDev":{"confidence_interval":{"confidence_level":0.95,"lower_bound":1.7186809580741518,"upper_bound":2.9674916552452077},"point_estimate":2.4445712053831987,"standard_error":0.27976915232631855},"Slope":{"confidence_interval":{"confidence_level":0.95,"lower_bound":41.72168216094989,"upper_bound":42.78283303402026},"point_estimate":42.232334018408196,"standard_error":0.2700101643422289},"StdDev":{"confidence_interval":{"confidence_level":0.95,"lower_bound":2.321785472681433,"upper_bound":3.6325508841243335},"point_estimate":2.997326900972617,"standard_error":0.33806793240697036}}