{"Mean":{"confidence_interval":{"confidence_level":0.95,"lower_bound":-0.05569886653139505,"upper_bound":0.001727721903308871},"point_estimate":-0.02818388342489664,"standard_error":0.01468548586415143},"Median":{"confidence_interval":{"confidence_level":0.95,"lower_bound":-0.08727669671141702,"upper_bound":0.010191834443564307},"point_estimate":-0.049254393703457855,"standard_error":0.025801736237567218}}