{"Mean":{"confidence_interval":{"confidence_level":0.95,"lower_bound":-0.04538713395758589,"upper_bound":-0.0047083897729265885},"point_estimate":-0.025665963324807528,"standard_error":0.010279413293321915},"Median":{"confidence_interval":{"confidence_level":0.95,"lower_bound":-0.042012906108407466,"upper_bound":0.008818917570352802},"point_estimate":-0.02262404794262529,"standard_error":0.01332164221847972}}