{"Mean":{"confidence_interval":{"confidence_level":0.95,"lower_bound":41.798092900645656,"upper_bound":42.97014387328416},"point_estimate":42.36189113699257,"standard_error":0.2998336443688822},"Median":{"confidence_interval":{"confidence_level":0.95,"lower_bound":41.26050259003235,"upper_bound":42.44704499325191},"point_estimate":41.788923133952196,"standard_error":0.28881564985728464},"MedianAbsDev":{"confidence_interval":{"confidence_level":0.95,"lower_bound":1.7937136221796894,"upper_bound":2.6619485020347096},"point_estimate":2.2474139494760963,"standard_error":0.21270142020306318},"Slope":{"confidence_interval":{"confidence_level":0.95,"lower_bound":41.72352937099497,"upper_bound":42.97921257966367},"point_estimate":42.29567153423838,"standard_error":0.321909967898991},"StdDev":{"confidence_interval":{"confidence_level":0.95,"lower_bound":2.3063673267263156,"upper_bound":3.6336140239104027},"point_estimate":3.0158988361446273,"standard_error":0.33967975708079706}}