{"Mean":{"confidence_interval":{"confidence_level":0.95,"lower_bound":-0.012869004418322994,"upper_bound":0.025033194947242963},"point_estimate":0.005323555025255056,"standard_error":0.009644390805045058},"Median":{"confidence_interval":{"confidence_level":0.95,"lower_bound":-0.03181105122257266,"upper_bound":0.02010570112952248},"point_estimate":-0.00833665594259525,"standard_error":0.01318397666244618}}