{"Mean":{"confidence_interval":{"confidence_level":0.95,"lower_bound":-0.03017695436920961,"upper_bound":0.012215850674048916},"point_estimate":-0.00875257363509252,"standard_error":0.010784784083973277},"Median":{"confidence_interval":{"confidence_level":0.95,"lower_bound":-0.04018857875496451,"upper_bound":0.017707112213147583},"point_estimate":-0.007525991606294524,"standard_error":0.014784090166664278}}