{"Mean":{"confidence_interval":{"confidence_level":0.95,"lower_bound":19.081452002906545,"upper_bound":19.606493280577673},"point_estimate":19.3308749625903,"standard_error":0.13407659425881485},"Median":{"confidence_interval":{"confidence_level":0.95,"lower_bound":18.855900239903622,"upper_bound":19.648811282579455},"point_estimate":19.186991967363344,"standard_error":0.17996203124039414},"MedianAbsDev":{"confidence_interval":{"confidence_level":0.95,"lower_bound":1.0440658357579817,"upper_bound":1.5121661323442281},"point_estimate":1.324845512718221,"standard_error":0.11854864764683704},"Slope":{"confidence_interval":{"confidence_level":0.95,"lower_bound":19.17567363880699,"upper_bound":19.899547171455403},"point_estimate":19.493417128765675,"standard_error":0.18672070606154767},"StdDev":{"confidence_interval":{"confidence_level":0.95,"lower_bound":0.9951153063927294,"upper_bound":1.7673958586102165},"point_estimate":1.3461158928107047,"standard_error":0.2161850215899164}}