{"Mean":{"confidence_interval":{"confidence_level":0.95,"lower_bound":44.50195656608547,"upper_bound":46.60793937655899},"point_estimate":45.520614639524055,"standard_error":0.5359964959677996},"Median":{"confidence_interval":{"confidence_level":0.95,"lower_bound":44.22120465966852,"upper_bound":45.24119785940265},"point_estimate":44.8190656474126,"standard_error":0.30059172647142485},"MedianAbsDev":{"confidence_interval":{"confidence_level":0.95,"lower_bound":1.8520573968946448,"upper_bound":5.5582656114807385},"point_estimate":3.7080409725656924,"standard_error":1.0032360946179217},"Slope":{"confidence_interval":{"confidence_level":0.95,"lower_bound":45.05892570160602,"upper_bound":46.486422554495206},"point_estimate":45.714599201836116,"standard_error":0.3630462435328459},"StdDev":{"confidence_interval":{"confidence_level":0.95,"lower_bound":4.26103789094262,"upper_bound":6.360892493393067},"point_estimate":5.371037819569126,"standard_error":0.5383172308194388}}