{"Mean":{"confidence_interval":{"confidence_level":0.95,"lower_bound":-0.032357801554798026,"upper_bound":0.006077560453480486},"point_estimate":-0.012997526782608904,"standard_error":0.009809321221091724},"Median":{"confidence_interval":{"confidence_level":0.95,"lower_bound":-0.04135487889063816,"upper_bound":-0.003978354394934769},"point_estimate":-0.02201240379845859,"standard_error":0.009420545651644364}}