{"Mean":{"confidence_interval":{"confidence_level":0.95,"lower_bound":-0.04420784983722411,"upper_bound":0.003643652844746244},"point_estimate":-0.019176490266134993,"standard_error":0.01219110514866265},"Median":{"confidence_interval":{"confidence_level":0.95,"lower_bound":-0.03620086538128499,"upper_bound":0.012232016703406704},"point_estimate":-0.010764759250061262,"standard_error":0.012346514627068695}}