{"Mean":{"confidence_interval":{"confidence_level":0.95,"lower_bound":1.587898789289493,"upper_bound":1.6187605164856784},"point_estimate":1.6029997966395222,"standard_error":0.007887114264072155},"Median":{"confidence_interval":{"confidence_level":0.95,"lower_bound":1.5694265743608629,"upper_bound":1.6059019687155471},"point_estimate":1.5871575427602251,"standard_error":0.009032841870599453},"MedianAbsDev":{"confidence_interval":{"confidence_level":0.95,"lower_bound":0.05466421196750049,"upper_bound":0.09056946111130627},"point_estimate":0.07375605011589233,"standard_error":0.008863008442802139},"Slope":{"confidence_interval":{"confidence_level":0.95,"lower_bound":1.5928904326414137,"upper_bound":1.6290951766347113},"point_estimate":1.610916158092829,"standard_error":0.009244725830786752},"StdDev":{"confidence_interval":{"confidence_level":0.95,"lower_bound":0.06614334229577676,"upper_bound":0.09130608274282154},"point_estimate":0.07912061327116628,"standard_error":0.00644085381776102}}