{"Mean":{"confidence_interval":{"confidence_level":0.95,"lower_bound":2.2168055104034092,"upper_bound":2.2810334288171035},"point_estimate":2.2480099215551768,"standard_error":0.01634417537353905},"Median":{"confidence_interval":{"confidence_level":0.95,"lower_bound":2.1685536692728324,"upper_bound":2.2622757632592942},"point_estimate":2.216318668840066,"standard_error":0.02499591176906057},"MedianAbsDev":{"confidence_interval":{"confidence_level":0.95,"lower_bound":0.11609144461676443,"upper_bound":0.19769478545777905},"point_estimate":0.15462927917421646,"standard_error":0.0196628732594335},"Slope":{"confidence_interval":{"confidence_level":0.95,"lower_bound":2.220171250641127,"upper_bound":2.3019853156136305},"point_estimate":2.2601669033681073,"standard_error":0.020912628198625948},"StdDev":{"confidence_interval":{"confidence_level":0.95,"lower_bound":0.1358702757520232,"upper_bound":0.18891790507021314},"point_estimate":0.16391377474202953,"standard_error":0.01357740074162367}}