{"Mean":{"confidence_interval":{"confidence_level":0.95,"lower_bound":-0.04573589004530745,"upper_bound":-0.005160792668510665},"point_estimate":-0.02556023020010978,"standard_error":0.010362725693599409},"Median":{"confidence_interval":{"confidence_level":0.95,"lower_bound":-0.04242930595921768,"upper_bound":0.010548140661309033},"point_estimate":-0.022892563455177206,"standard_error":0.013217035624829771}}