{"Mean":{"confidence_interval":{"confidence_level":0.95,"lower_bound":5.3456211946254015,"upper_bound":5.512829509718796},"point_estimate":5.425608486627606,"standard_error":0.042593982344526556},"Median":{"confidence_interval":{"confidence_level":0.95,"lower_bound":5.263674767355541,"upper_bound":5.485951503406866},"point_estimate":5.382653964467836,"standard_error":0.0569748946896538},"MedianAbsDev":{"confidence_interval":{"confidence_level":0.95,"lower_bound":0.30943956232629805,"upper_bound":0.479468107062976},"point_estimate":0.3925171341687622,"standard_error":0.045188189672474614},"Slope":{"confidence_interval":{"confidence_level":0.95,"lower_bound":5.377400987945538,"upper_bound":5.5747153125695545},"point_estimate":5.462676194932562,"standard_error":0.050811314423664725},"StdDev":{"confidence_interval":{"confidence_level":0.95,"lower_bound":0.32152338100466427,"upper_bound":0.5342835545764536},"point_estimate":0.42720494348461996,"standard_error":0.055161425944992175}}