{"Mean":{"confidence_interval":{"confidence_level":0.95,"lower_bound":5.388046194461069,"upper_bound":5.520440089868156},"point_estimate":5.452983569030635,"standard_error":0.03392168755213781},"Median":{"confidence_interval":{"confidence_level":0.95,"lower_bound":5.335075845781588,"upper_bound":5.4960115924343},"point_estimate":5.4073857844216935,"standard_error":0.03656863649544373},"MedianAbsDev":{"confidence_interval":{"confidence_level":0.95,"lower_bound":0.23695248166465924,"upper_bound":0.4062043923139545},"point_estimate":0.3059082712660586,"standard_error":0.04571887132051355},"Slope":{"confidence_interval":{"confidence_level":0.95,"lower_bound":5.366587957791697,"upper_bound":5.483556992523167},"point_estimate":5.424526343348436,"standard_error":0.029796762566825657},"StdDev":{"confidence_interval":{"confidence_level":0.95,"lower_bound":0.28757617764650867,"upper_bound":0.39151166900392126},"point_estimate":0.34252884053914046,"standard_error":0.026547298888306387}}