{"Mean":{"confidence_interval":{"confidence_level":0.95,"lower_bound":45.63621800455797,"upper_bound":46.65339217117781},"point_estimate":46.13547651964093,"standard_error":0.26005505807584334},"Median":{"confidence_interval":{"confidence_level":0.95,"lower_bound":45.062397070809354,"upper_bound":46.39499981795822},"point_estimate":45.56181458809576,"standard_error":0.3123974956024464},"MedianAbsDev":{"confidence_interval":{"confidence_level":0.95,"lower_bound":1.8716153311308192,"upper_bound":3.387346458038341},"point_estimate":2.6557319967322544,"standard_error":0.38123373582633574},"Slope":{"confidence_interval":{"confidence_level":0.95,"lower_bound":45.813388476397336,"upper_bound":46.82803818504809},"point_estimate":46.31542041251479,"standard_error":0.25858546139115424},"StdDev":{"confidence_interval":{"confidence_level":0.95,"lower_bound":2.176826118728333,"upper_bound":3.090385377455689},"point_estimate":2.614774881710654,"standard_error":0.23850524485193705}}