{"Mean":{"confidence_interval":{"confidence_level":0.95,"lower_bound":49.48318814794172,"upper_bound":50.76228947957566},"point_estimate":50.129282742115514,"standard_error":0.32735537637119727},"Median":{"confidence_interval":{"confidence_level":0.95,"lower_bound":50.486055313273454,"upper_bound":51.29104047894049},"point_estimate":50.89013350171045,"standard_error":0.21694785203530526},"MedianAbsDev":{"confidence_interval":{"confidence_level":0.95,"lower_bound":1.5943325556976036,"upper_bound":3.1205232218638304},"point_estimate":2.3710449425515807,"standard_error":0.4018899812759124},"Slope":{"confidence_interval":{"confidence_level":0.95,"lower_bound":50.23267510101647,"upper_bound":51.29453816605413},"point_estimate":50.798738794049974,"standard_error":0.27110656628698526},"StdDev":{"confidence_interval":{"confidence_level":0.95,"lower_bound":2.748961148821269,"upper_bound":3.751791760643204},"point_estimate":3.279672292899823,"standard_error":0.2553266132680106}}