{"Mean":{"confidence_interval":{"confidence_level":0.95,"lower_bound":-0.09449026373163728,"upper_bound":-0.06410581562253283},"point_estimate":-0.07967012500498505,"standard_error":0.007801969698886465},"Median":{"confidence_interval":{"confidence_level":0.95,"lower_bound":-0.11651638093126976,"upper_bound":-0.08799837547454104},"point_estimate":-0.10470239606338638,"standard_error":0.007093725888266363}}