{"Mean":{"confidence_interval":{"confidence_level":0.95,"lower_bound":-0.026966218935231847,"upper_bound":0.003745545445623243},"point_estimate":-0.011625662156087069,"standard_error":0.007852493068784385},"Median":{"confidence_interval":{"confidence_level":0.95,"lower_bound":-0.024803530259515205,"upper_bound":0.008784321729658151},"point_estimate":-0.008114733382627137,"standard_error":0.008452292860072822}}