{"Mean":{"confidence_interval":{"confidence_level":0.95,"lower_bound":-0.022963326426520176,"upper_bound":0.01219708007000444},"point_estimate":-0.00553638011598967,"standard_error":0.008965590951026803},"Median":{"confidence_interval":{"confidence_level":0.95,"lower_bound":-0.030074697773305736,"upper_bound":0.015127631588290669},"point_estimate":-0.012354061026407459,"standard_error":0.011774905726706265}}