{"Mean":{"confidence_interval":{"confidence_level":0.95,"lower_bound":46.76820536367878,"upper_bound":49.005621469012176},"point_estimate":47.82993040834774,"standard_error":0.5729717699458493},"Median":{"confidence_interval":{"confidence_level":0.95,"lower_bound":45.603054669078354,"upper_bound":46.940560110863736},"point_estimate":46.37071465425497,"standard_error":0.2975249604239426},"MedianAbsDev":{"confidence_interval":{"confidence_level":0.95,"lower_bound":2.3595088888306024,"upper_bound":3.9240754127800948},"point_estimate":3.2236696824675395,"standard_error":0.3929897850950415},"Slope":{"confidence_interval":{"confidence_level":0.95,"lower_bound":45.771012067135516,"upper_bound":46.804815203109825},"point_estimate":46.2848267631164,"standard_error":0.2636530491805114},"StdDev":{"confidence_interval":{"confidence_level":0.95,"lower_bound":4.073887165391144,"upper_bound":7.09728930673168},"point_estimate":5.742164579880493,"standard_error":0.7738240615312959}}