{"Mean":{"confidence_interval":{"confidence_level":0.95,"lower_bound":46.05558441653749,"upper_bound":47.22809900304274},"point_estimate":46.624408838427186,"standard_error":0.2989748333641492},"Median":{"confidence_interval":{"confidence_level":0.95,"lower_bound":45.466380246994646,"upper_bound":46.97157233654002},"point_estimate":46.469011187044856,"standard_error":0.3575160299978554},"MedianAbsDev":{"confidence_interval":{"confidence_level":0.95,"lower_bound":2.102600235755255,"upper_bound":3.1640923930443177},"point_estimate":2.647410529037377,"standard_error":0.2667704596936522},"Slope":{"confidence_interval":{"confidence_level":0.95,"lower_bound":46.289208209310864,"upper_bound":47.53306623470792},"point_estimate":46.88195370929436,"standard_error":0.316600642058234},"StdDev":{"confidence_interval":{"confidence_level":0.95,"lower_bound":2.394982115268514,"upper_bound":3.6513968722602934},"point_estimate":3.0145862818129427,"standard_error":0.32626704303986653}}