{"Mean":{"confidence_interval":{"confidence_level":0.95,"lower_bound":41.95850658360033,"upper_bound":43.28867804350496},"point_estimate":42.59672780773429,"standard_error":0.33918403668477},"Median":{"confidence_interval":{"confidence_level":0.95,"lower_bound":40.9413095357657,"upper_bound":42.61988591760898},"point_estimate":42.029511718774316,"standard_error":0.4300380536983665},"MedianAbsDev":{"confidence_interval":{"confidence_level":0.95,"lower_bound":2.0682400676248136,"upper_bound":3.5532365195684394},"point_estimate":3.0386137291021793,"standard_error":0.3949353079816149},"Slope":{"confidence_interval":{"confidence_level":0.95,"lower_bound":41.54846479013468,"upper_bound":42.95009585901278},"point_estimate":42.19290063751151,"standard_error":0.3578972795530219},"StdDev":{"confidence_interval":{"confidence_level":0.95,"lower_bound":2.5964367560453865,"upper_bound":4.257812395708495},"point_estimate":3.4197020092218233,"standard_error":0.430431118517796}}