{"Mean":{"confidence_interval":{"confidence_level":0.95,"lower_bound":1.6468286281924045,"upper_bound":1.7333965412524626},"point_estimate":1.688397019621783,"standard_error":0.022142122331074376},"Median":{"confidence_interval":{"confidence_level":0.95,"lower_bound":1.590139447563137,"upper_bound":1.6753048171904872},"point_estimate":1.6198122431984379,"standard_error":0.021768580737474848},"MedianAbsDev":{"confidence_interval":{"confidence_level":0.95,"lower_bound":0.10420086027986222,"upper_bound":0.1719792697794257},"point_estimate":0.13385159368745259,"standard_error":0.017907563972621065},"Slope":{"confidence_interval":{"confidence_level":0.95,"lower_bound":1.5811093173641741,"upper_bound":1.6192298450783205},"point_estimate":1.599526952833206,"standard_error":0.00972639301950566},"StdDev":{"confidence_interval":{"confidence_level":0.95,"lower_bound":0.17136753775883123,"upper_bound":0.26486445238227757},"point_estimate":0.22326224350333282,"standard_error":0.023927712861706415}}