{"Mean":{"confidence_interval":{"confidence_level":0.95,"lower_bound":1.5794424971836332,"upper_bound":1.615396123617208},"point_estimate":1.597019189560424,"standard_error":0.009180733469310693},"Median":{"confidence_interval":{"confidence_level":0.95,"lower_bound":1.5576820227467982,"upper_bound":1.6051869224962507},"point_estimate":1.5852727254923045,"standard_error":0.013608546484359028},"MedianAbsDev":{"confidence_interval":{"confidence_level":0.95,"lower_bound":0.0605170032176618,"upper_bound":0.10885523218575886},"point_estimate":0.0830684507855683,"standard_error":0.012912203329951496},"Slope":{"confidence_interval":{"confidence_level":0.95,"lower_bound":1.585791888470143,"upper_bound":1.6230964008673077},"point_estimate":1.603504253227109,"standard_error":0.009494969520051475},"StdDev":{"confidence_interval":{"confidence_level":0.95,"lower_bound":0.07452880013463509,"upper_bound":0.10954558767304133},"point_estimate":0.09204462891369117,"standard_error":0.009014230149357755}}