{"Mean":{"confidence_interval":{"confidence_level":0.95,"lower_bound":-0.06161125507232501,"upper_bound":-0.009503144963522525},"point_estimate":-0.03611019477164068,"standard_error":0.013261320496811993},"Median":{"confidence_interval":{"confidence_level":0.95,"lower_bound":-0.0456848618771627,"upper_bound":-0.007725440778711956},"point_estimate":-0.024729878745448297,"standard_error":0.009584896051426265}}