{"Mean":{"confidence_interval":{"confidence_level":0.95,"lower_bound":-0.015621932653930467,"upper_bound":0.013355859709942122},"point_estimate":-0.001387012058766679,"standard_error":0.007400266323308052},"Median":{"confidence_interval":{"confidence_level":0.95,"lower_bound":-0.0233835710132273,"upper_bound":0.014604415453823849},"point_estimate":-0.0024776069424267133,"standard_error":0.009204328451285203}}