{"Mean":{"confidence_interval":{"confidence_level":0.95,"lower_bound":-0.023581534274675388,"upper_bound":0.004326998208029235},"point_estimate":-0.009944022570303579,"standard_error":0.007127284551538556},"Median":{"confidence_interval":{"confidence_level":0.95,"lower_bound":-0.03516591239426403,"upper_bound":-0.004905333876311868},"point_estimate":-0.021913299114879936,"standard_error":0.007683376079948602}}