{"Mean":{"confidence_interval":{"confidence_level":0.95,"lower_bound":41.81302185657593,"upper_bound":42.91597481577706},"point_estimate":42.33914372234082,"standard_error":0.2823048512525335},"Median":{"confidence_interval":{"confidence_level":0.95,"lower_bound":41.17832800447795,"upper_bound":42.471403434869984},"point_estimate":42.03583050956003,"standard_error":0.33211422177928507},"MedianAbsDev":{"confidence_interval":{"confidence_level":0.95,"lower_bound":1.7053317408643596,"upper_bound":2.6977919453109065},"point_estimate":2.2257949263319086,"standard_error":0.25038902843413485},"Slope":{"confidence_interval":{"confidence_level":0.95,"lower_bound":42.12164022303529,"upper_bound":43.977830193449265},"point_estimate":42.950226632106,"standard_error":0.47978871657192057},"StdDev":{"confidence_interval":{"confidence_level":0.95,"lower_bound":2.1227162233034638,"upper_bound":3.5279591255652525},"point_estimate":2.831150510620986,"standard_error":0.36338494448110237}}