{"Mean":{"confidence_interval":{"confidence_level":0.95,"lower_bound":25.45179298383582,"upper_bound":26.30249704260119},"point_estimate":25.855156419095962,"standard_error":0.21717471622320514},"Median":{"confidence_interval":{"confidence_level":0.95,"lower_bound":24.959498105806173,"upper_bound":25.958210710777948},"point_estimate":25.58800876002084,"standard_error":0.2526962842809758},"MedianAbsDev":{"confidence_interval":{"confidence_level":0.95,"lower_bound":1.3601715253901245,"upper_bound":2.1246080956170412},"point_estimate":1.8249313931156115,"standard_error":0.19858941719426926},"Slope":{"confidence_interval":{"confidence_level":0.95,"lower_bound":25.267436878464707,"upper_bound":25.91461990582665},"point_estimate":25.584335715005746,"standard_error":0.16503357094999058},"StdDev":{"confidence_interval":{"confidence_level":0.95,"lower_bound":1.574401857045542,"upper_bound":2.7677794912611677},"point_estimate":2.179126621353957,"standard_error":0.30927840282116537}}