{"Mean":{"confidence_interval":{"confidence_level":0.95,"lower_bound":5.358537849489079,"upper_bound":5.541825696522411},"point_estimate":5.444573633094453,"standard_error":0.04700494177332368},"Median":{"confidence_interval":{"confidence_level":0.95,"lower_bound":5.268784551856772,"upper_bound":5.477774031555979},"point_estimate":5.411102525091523,"standard_error":0.054196259336742984},"MedianAbsDev":{"confidence_interval":{"confidence_level":0.95,"lower_bound":0.24707709891186,"upper_bound":0.38903435343959264},"point_estimate":0.31111484284465923,"standard_error":0.03478273712078584},"Slope":{"confidence_interval":{"confidence_level":0.95,"lower_bound":5.355493071098119,"upper_bound":5.454999852458182},"point_estimate":5.405853687843809,"standard_error":0.025351106628545773},"StdDev":{"confidence_interval":{"confidence_level":0.95,"lower_bound":0.30833841827283404,"upper_bound":0.6269309004965803},"point_estimate":0.47219124924149736,"standard_error":0.08286539467776938}}