{"Mean":{"confidence_interval":{"confidence_level":0.95,"lower_bound":5.305406920000462,"upper_bound":5.4309000023817955},"point_estimate":5.367068029640868,"standard_error":0.03196659688134844},"Median":{"confidence_interval":{"confidence_level":0.95,"lower_bound":5.2280625526360875,"upper_bound":5.426477437555192},"point_estimate":5.355333471126464,"standard_error":0.051657241983753474},"MedianAbsDev":{"confidence_interval":{"confidence_level":0.95,"lower_bound":0.250732129006389,"upper_bound":0.39186747240722436},"point_estimate":0.31419890070445566,"standard_error":0.03636946368556259},"Slope":{"confidence_interval":{"confidence_level":0.95,"lower_bound":5.361191497766634,"upper_bound":5.482235015007577},"point_estimate":5.421228401966534,"standard_error":0.030877416861833075},"StdDev":{"confidence_interval":{"confidence_level":0.95,"lower_bound":0.2747252826028839,"upper_bound":0.3642148448288799},"point_estimate":0.32150747076296654,"standard_error":0.022969736602556412}}