{"Mean":{"confidence_interval":{"confidence_level":0.95,"lower_bound":5.380733071787192,"upper_bound":5.517450173227441},"point_estimate":5.4469926442106384,"standard_error":0.034924777106276984},"Median":{"confidence_interval":{"confidence_level":0.95,"lower_bound":5.310932130179866,"upper_bound":5.503120992208524},"point_estimate":5.404416448533926,"standard_error":0.04592364952884932},"MedianAbsDev":{"confidence_interval":{"confidence_level":0.95,"lower_bound":0.27534780574250295,"upper_bound":0.4090875480551238},"point_estimate":0.3562287971171218,"standard_error":0.03370531910027958},"Slope":{"confidence_interval":{"confidence_level":0.95,"lower_bound":5.397296891497267,"upper_bound":5.508231539332956},"point_estimate":5.453961938479295,"standard_error":0.028252695332125464},"StdDev":{"confidence_interval":{"confidence_level":0.95,"lower_bound":0.27813667991189195,"upper_bound":0.41604415320217863},"point_estimate":0.3487046949741779,"standard_error":0.035460240517378235}}