{"Mean":{"confidence_interval":{"confidence_level":0.95,"lower_bound":44.42919125817083,"upper_bound":46.125838170122336},"point_estimate":45.274041936467945,"standard_error":0.4331071905170646},"Median":{"confidence_interval":{"confidence_level":0.95,"lower_bound":43.40938758820815,"upper_bound":46.129068411050476},"point_estimate":44.95219956007072,"standard_error":0.7361753645986324},"MedianAbsDev":{"confidence_interval":{"confidence_level":0.95,"lower_bound":4.122756038910858,"upper_bound":6.653404006038748},"point_estimate":5.7398292930209145,"standard_error":0.6716122039971961},"Slope":{"confidence_interval":{"confidence_level":0.95,"lower_bound":44.93619180667853,"upper_bound":46.730909520167266},"point_estimate":45.83835486263001,"standard_error":0.4575623488760627},"StdDev":{"confidence_interval":{"confidence_level":0.95,"lower_bound":3.935600255409677,"upper_bound":4.707244359151993},"point_estimate":4.355893158735289,"standard_error":0.19673063838884053}}