{"Mean":{"confidence_interval":{"confidence_level":0.95,"lower_bound":0.018502252677895188,"upper_bound":0.07587585767808905},"point_estimate":0.04668388358422537,"standard_error":0.0146418033658975},"Median":{"confidence_interval":{"confidence_level":0.95,"lower_bound":0.01585741674507002,"upper_bound":0.10329163200958606},"point_estimate":0.04519221787460914,"standard_error":0.023153761304383905}}