{"Mean":{"confidence_interval":{"confidence_level":0.95,"lower_bound":-0.050663107528690854,"upper_bound":0.0035204662335075595},"point_estimate":-0.022767389274531258,"standard_error":0.013854664866097662},"Median":{"confidence_interval":{"confidence_level":0.95,"lower_bound":-0.06925110444209925,"upper_bound":0.016183451267725815},"point_estimate":-0.01936262466789107,"standard_error":0.022690688565537222}}