{"Mean":{"confidence_interval":{"confidence_level":0.95,"lower_bound":42.39353295174541,"upper_bound":43.68555668992509},"point_estimate":43.01332241995273,"standard_error":0.32968838948908596},"Median":{"confidence_interval":{"confidence_level":0.95,"lower_bound":41.63242106494907,"upper_bound":42.879548461914446},"point_estimate":42.35795824396524,"standard_error":0.30831814538001523},"MedianAbsDev":{"confidence_interval":{"confidence_level":0.95,"lower_bound":1.7378071549836014,"upper_bound":3.165078979389532},"point_estimate":2.501874590036354,"standard_error":0.36046152594395237},"Slope":{"confidence_interval":{"confidence_level":0.95,"lower_bound":42.21441382279888,"upper_bound":43.29056990443323},"point_estimate":42.722754976754665,"standard_error":0.27512351489464815},"StdDev":{"confidence_interval":{"confidence_level":0.95,"lower_bound":2.4851566095539557,"upper_bound":4.039749646648241},"point_estimate":3.3056808892761778,"standard_error":0.3977670644929989}}