{"Mean":{"confidence_interval":{"confidence_level":0.95,"lower_bound":1.6066621042696252,"upper_bound":1.6610174648329021},"point_estimate":1.6317016800969102,"standard_error":0.013930235019607707},"Median":{"confidence_interval":{"confidence_level":0.95,"lower_bound":1.5868933523503705,"upper_bound":1.6313543164220448},"point_estimate":1.6077445930592702,"standard_error":0.01184223450710674},"MedianAbsDev":{"confidence_interval":{"confidence_level":0.95,"lower_bound":0.0766320032006526,"upper_bound":0.11983880798154105},"point_estimate":0.09990917627327306,"standard_error":0.010996605944048683},"Slope":{"confidence_interval":{"confidence_level":0.95,"lower_bound":1.5950434481575293,"upper_bound":1.6328999218973772},"point_estimate":1.6139326638328768,"standard_error":0.009665322864832392},"StdDev":{"confidence_interval":{"confidence_level":0.95,"lower_bound":0.08389108128737609,"upper_bound":0.1933090418525818},"point_estimate":0.13982300511829696,"standard_error":0.02889770862399861}}