{"Mean":{"confidence_interval":{"confidence_level":0.95,"lower_bound":1.5842560617987373,"upper_bound":1.6185055974071294},"point_estimate":1.6007764165913827,"standard_error":0.008750295606791577},"Median":{"confidence_interval":{"confidence_level":0.95,"lower_bound":1.554940094175434,"upper_bound":1.6029925906805371},"point_estimate":1.5832251902135575,"standard_error":0.01096690889917725},"MedianAbsDev":{"confidence_interval":{"confidence_level":0.95,"lower_bound":0.04951279462232472,"upper_bound":0.0931780271324561},"point_estimate":0.07788461418015,"standard_error":0.010815303231447027},"Slope":{"confidence_interval":{"confidence_level":0.95,"lower_bound":1.5828857694458343,"upper_bound":1.6140702894927317},"point_estimate":1.5982572179992967,"standard_error":0.00794793877088683},"StdDev":{"confidence_interval":{"confidence_level":0.95,"lower_bound":0.06831639886346225,"upper_bound":0.10676244373925531},"point_estimate":0.08811530676282138,"standard_error":0.00987584927922757}}