{"Mean":{"confidence_interval":{"confidence_level":0.95,"lower_bound":0.18929552720896933,"upper_bound":0.23984186275108457},"point_estimate":0.21321784689020995,"standard_error":0.01280552636519451},"Median":{"confidence_interval":{"confidence_level":0.95,"lower_bound":0.17961323970231136,"upper_bound":0.23922457977324638},"point_estimate":0.21538841855893187,"standard_error":0.014880419709495465}}