{"Mean":{"confidence_interval":{"confidence_level":0.95,"lower_bound":25.660557724048484,"upper_bound":26.394378869274366},"point_estimate":26.0169855691706,"standard_error":0.18717565047251983},"Median":{"confidence_interval":{"confidence_level":0.95,"lower_bound":25.32278308490678,"upper_bound":26.223776679683322},"point_estimate":25.72522250582056,"standard_error":0.20721697340808326},"MedianAbsDev":{"confidence_interval":{"confidence_level":0.95,"lower_bound":1.4648051452843918,"upper_bound":2.2064008041514787},"point_estimate":1.8444952622314639,"standard_error":0.1825681372390459},"Slope":{"confidence_interval":{"confidence_level":0.95,"lower_bound":25.591347039729353,"upper_bound":26.370043040129662},"point_estimate":25.96709677194955,"standard_error":0.19794204199144694},"StdDev":{"confidence_interval":{"confidence_level":0.95,"lower_bound":1.5027283705753132,"upper_bound":2.2445284959767},"point_estimate":1.879425307272885,"standard_error":0.1896492429332134}}