{"Mean":{"confidence_interval":{"confidence_level":0.95,"lower_bound":-0.039267878881523166,"upper_bound":-0.0046458591281233075},"point_estimate":-0.021106307894583676,"standard_error":0.008843567196963463},"Median":{"confidence_interval":{"confidence_level":0.95,"lower_bound":-0.05175963644313564,"upper_bound":-0.009946318099009255},"point_estimate":-0.028572832598599662,"standard_error":0.01050225742242354}}