{"Mean":{"confidence_interval":{"confidence_level":0.95,"lower_bound":-0.03284271094022111,"upper_bound":0.01073539542156654},"point_estimate":-0.012393313430863029,"standard_error":0.011115745867503963},"Median":{"confidence_interval":{"confidence_level":0.95,"lower_bound":-0.04205835274696723,"upper_bound":0.002979899343305892},"point_estimate":-0.02123287185785483,"standard_error":0.011382601866907134}}