{"Mean":{"confidence_interval":{"confidence_level":0.95,"lower_bound":45.417393170267815,"upper_bound":47.265411065476016},"point_estimate":46.3288284074534,"standard_error":0.4717379773814483},"Median":{"confidence_interval":{"confidence_level":0.95,"lower_bound":44.78423721733682,"upper_bound":47.19840415674712},"point_estimate":45.839777975877084,"standard_error":0.7113764031292319},"MedianAbsDev":{"confidence_interval":{"confidence_level":0.95,"lower_bound":4.403066935648836,"upper_bound":6.580613975988915},"point_estimate":5.809022672440001,"standard_error":0.5274973821473965},"Slope":{"confidence_interval":{"confidence_level":0.95,"lower_bound":44.86635187930253,"upper_bound":46.84098205389575},"point_estimate":45.85246493255965,"standard_error":0.5024942283597257},"StdDev":{"confidence_interval":{"confidence_level":0.95,"lower_bound":4.115010754105732,"upper_bound":5.360390142994291},"point_estimate":4.747786382028506,"standard_error":0.31768772576158083}}