{"Mean":{"confidence_interval":{"confidence_level":0.95,"lower_bound":25.430542617777174,"upper_bound":26.18170343469318},"point_estimate":25.80018366742424,"standard_error":0.1922751171654538},"Median":{"confidence_interval":{"confidence_level":0.95,"lower_bound":25.169037859730967,"upper_bound":26.113544706892256},"point_estimate":25.51425126433946,"standard_error":0.22016484563772787},"MedianAbsDev":{"confidence_interval":{"confidence_level":0.95,"lower_bound":1.2840069984340885,"upper_bound":2.2336159013502064},"point_estimate":1.7918603277357725,"standard_error":0.25625847240550853},"Slope":{"confidence_interval":{"confidence_level":0.95,"lower_bound":25.788581340079133,"upper_bound":26.42297902550087},"point_estimate":26.10319900434686,"standard_error":0.16182927865998406},"StdDev":{"confidence_interval":{"confidence_level":0.95,"lower_bound":1.6086734846357407,"upper_bound":2.239707326453363},"point_estimate":1.9265284511501082,"standard_error":0.16161835333974298}}