{"Mean":{"confidence_interval":{"confidence_level":0.95,"lower_bound":-0.03204239321238877,"upper_bound":0.007489830289893145},"point_estimate":-0.011995492799194207,"standard_error":0.010071682683449285},"Median":{"confidence_interval":{"confidence_level":0.95,"lower_bound":-0.039708770219731404,"upper_bound":0.01255859904613743},"point_estimate":-0.014871196652888274,"standard_error":0.013300806915175772}}