{"Mean":{"confidence_interval":{"confidence_level":0.95,"lower_bound":0.05103997118939952,"upper_bound":0.10853575068286221},"point_estimate":0.07710820412450525,"standard_error":0.014544465339832679},"Median":{"confidence_interval":{"confidence_level":0.95,"lower_bound":0.051134009720200435,"upper_bound":0.08783671350289035},"point_estimate":0.06899117436348279,"standard_error":0.009457769253323953}}